Tõrvandi postipunkt,58.322162,26.705921
Obinitsa postipunkt (raamatukogu),57.811928,27.446219
Rõude postipunkt (külamaja),58.771811,23.924808
Padise postkontor,59.225831,24.143746
Valkla postipunkt,59.479272,25.33383
Tartu Sõbrakeskuse pakiautomaat,58.364613,26.719352
Salme postipunkt,58.16352,22.251243
Kiisa Coop kaupluse pakiautomaat,59.234306,24.690235
Kärdla Tormi Coop Konsumi pakiautomaat,58.990186,22.754594
Tallinna Coca-Cola Plaza pakiautomaat,59.438374,24.757091
Tartu Aardla Selveri pakiautomaat,58.357733,26.721733
Tallinna Sütiste Maxima X pakiautomaat,59.397717,24.690921
Vändra Coop Konsumi pakiautomaat,58.65187,25.040318
Paikuse Coop Konsumi pakiautomaat,58.373772,24.618326
Tallinna Tööstuse Rimi pakiautomaat,59.453357,24.704878
Aruküla postkontor,59.370878,25.078082
Tallinna Lasnamäe Prisma pakiautomaat,59.442965,24.863035
Tallinna Stroomi Keskuse pakiautomaat,59.446947,24.692322
Tallinna Telliskivi Rimi pakiautomaat,59.441534,24.73023
Puhja Coop Konsumi pakiautomaat,58.335163,26.31335
Otepää postkontor,58.059266,26.497395
Kiisa postipunkt,59.234109,24.68933
Tallinna Pärnu mnt 390b Maxima X pakiautomaat,59.380379,24.659253
Vastse-Kuuste Coop kaupluse pakiautomaat,58.166303,26.932567
Tartu Anne 40 Maxima X pakiautomaat,58.378669,26.749988
Räpina Coop Konsumi pakiautomaat,58.094948,27.45961
Tallinna Kristiine Keskuse pakiautomaat,59.425773,24.725468
Tapa Maxima X pakiautomaat,59.25925,25.967518
Loo Grossi pakiautomaat,59.434622,24.947091
Tallinna Ülemiste City Selveri pakiautomaat,59.421651,24.802435
Tallinna Kärberi Keskuse pakiautomaat,59.445338,24.88232
Järvakandi postkontor,58.77438,24.817942
Tallinna Põhja pst Neste pakiautomaat,59.444468,24.743526
Pärnu-Jaagupi postipunkt,58.606013,24.501599
Keila Maxima X pakiautomaat,59.310719,24.432775
Vääna-Jõesuu kauplus Maksis pakiautomaat,59.432923,24.367251
Narva-Jõesuu raamatukogu pakiautomaat,59.45983,28.042054
Tallinna Nõmme tee 23 Maxima X pakiautomaat,59.417796,24.72136
Põlva Meie Ostumarketi pakiautomaat,58.066805,27.092855
Aseri postipunkt,59.452887,26.869575
Viimsi postkontor,59.503662,24.826322
Krootuse postipunkt,58.075504,26.841014
Kanepi postipunkt,57.985713,26.760743
Salme Coop Konsumi pakiautomaat,58.164439,22.250273
Tallinna Lastekodu Grossi pakiautomaat,59.430299,24.768273
Narva Kerese keskuse pakiautomaat,59.37584,28.192348
Kilingi-Nõmme Coop Konsumi pakiautomaat,58.148012,24.949428
Rapla Vestis Coop Konsumi pakiautomaat,59.005301,24.793521
Tallinna Sõpruse pst 171 Maxima X pakiautomaat,59.407356,24.704124
Saku Selveri pakiautomaat,59.293669,24.656249
Viljandi Tallinna 60 Maxima X pakiautomaat,58.376676,25.598462
Narva Astri Keskuse pakiautomaat,59.381171,28.174814
Äksi postipunkt,58.526246,26.676259
Tallinna Pallasti pakiautomaat,59.430188,24.79225
Narva Megamarketi pakiautomaat,59.386067,28.183605
Finest postkontor,59.431631,24.7452
Aste postipunkt,58.346347,22.444697
Lustivere postipunkt,58.662041,26.092542
Haanja postipunkt,57.720644,27.051338
Kadrina postipunkt (Talutehnika),59.346522,26.124196
Kose-Uuemõisa postipunkt,59.203652,25.103158
Maardu Maxima X pakiautomaat,59.48279,25.017543
Alu postipunkt,59.023026,24.76243
Avera postipunkt,59.369251,24.716222
Põlva Selveri pakiautomaat,58.063698,27.071194
Paide Selveri pakiautomaat,58.885469,25.563311
Tallinna Järve Keskuse pakiautomaat,59.393138,24.721088
Järve keskuse postkontor,59.393147,24.719128
Kristiine postkontor,59.426694,24.722686
Tallinna Lasnamäe Centrumi B pakiautomaat,59.440746,24.863056
Lasnamäe Centrum postkontor,59.440569,24.862649
Tallinna Kari Grossipoe pakiautomaat,59.447618,24.697798
Viljandi postkontor,58.369826,25.59739
Tallinna Tatari Rimi pakiautomaat,59.42523,24.744329
Tartu Ilmatsalu Maxima X pakiautomaat,58.378307,26.685048
Vajangu postipunkt,59.109334,26.007271
Kaberneeme postipunkt,59.517897,25.274517
Palamuse postipunkt,58.685572,26.585891
Peetri Keskuse pakiautomaat,59.397439,24.805811
Järvakandi Kandi Konsumi pakiautomaat,58.773187,24.816383
Ruhnu postipunkt (raamatukogu),57.802511,23.245469
Lümanda postipunkt (Kultuurimaja),58.2855,22.025563
Põlva postkontor,58.054317,27.055791
Põlva Kaubamaja pakiautomaat,58.054964,27.056377
Kärdla postkontor,58.99863,22.747884
Loo postkontor,59.434983,24.948194
Ülenurme Coop Konsumi pakiautomaat,58.315109,26.722099
Rakke postkontor,58.987011,26.246144
Narva Tempo postkontor,59.382033,28.165026
Lavassaare postkontor,58.513864,24.370468
Tallinna Mustika Keskuse pakiautomaat,59.41028,24.682702
Ihaste Coop Konsumi pakiautomaat,58.350777,26.78905
Ridala postipunkt,58.831468,23.586368
Narva Fama keskuse pakiautomaat,59.37939,28.187516
Varbla postipunkt (raamatukogus),58.430137,23.753539
Aegviidu postipunkt,59.288389,25.606648
Orissaare postkontor,58.559627,23.0839
Kärla postipunkt (Tankla),58.335195,22.264339
Orissaare Coop Konsumi pakiautomaat,58.55903,23.082365
Suure-Jaani Tervisekoja pakiautomaat,58.535571,25.465239
Rõuge postipunkt,57.732278,26.92761
Kuressaare postkontor,58.254609,22.490114
Muraste Coop Konsumi pakiautomaat,59.454815,24.443563
Rakvere Lilleoru kaupluse pakiautomaat,59.327658,26.364531
Mustika postkontor,59.410937,24.681539
Turba kaupluse pakiautomaat,59.08076,24.236498
Paide Hesburgeri pakiautomaat,58.886532,25.54197
Sauga Coop Konsumi pakiautomaat,58.429088,24.497332
Tallinna Vikerlase Rimi pakiautomaat,59.439263,24.843896
Pärnu Oja Selver ABC pakiautomaat,58.390586,24.531032
Kohtla-Järve Mõisa tee Maxima X pakiautomaat,59.406581,27.290852
Tallinna Tähesaju Selveri pakiautomaat,59.44176,24.850299
Tallinna Paasiku Grossi pakiautomaat,59.448618,24.844889
Sindi Maxima X pakiautomaat,58.407817,24.659602
Tallinna Ehitajate tee Grossi pakiautomaat,59.401747,24.668363
Lagedi Keskusehoone pakiautomaat,59.402189,24.941774
Kiviõli Grossi pakiautomaat,59.356588,26.974969
Jüri Grossi pakiautomaat,59.354066,24.893187
Tõrvandi Coop Konsumi pakiautomaat,58.323037,26.71067
Kõrveküla Coop kaupluse pakiautomaat,58.419839,26.761363
Sauga postkontor,58.429052,24.497619
Vastseliina postkontor,57.731987,27.284067
Põltsamaa postkontor,58.653564,25.973202
Pallasti postkontor,59.430153,24.792423
Mõisaküla postipunkt,58.092428,25.186386
Karksi- Nuia postipunkt,58.104135,25.546922
Tallinna Tammsaare Ärikeskuse pakiautomaat,59.401454,24.716312
Tsooru postipunkt (Coop),57.741855,26.651857
Kärstna postipunkt (Coop),58.143794,25.805897
Sindi postkontor,58.404795,24.651648
Konguta postipunkt,58.26728,26.308054
Purtse postipunkt (AldarMarket),59.412478,27.025185
Tudulinna postipunkt,59.035903,27.081454
Lasva postipunkt,57.863347,27.176851
Audru postkontor,58.407778,24.356331
Audru osavallakeskuse pakiautomaat,58.40785,24.356293
Lõunakeskuse postkontor,58.357394,26.677611
Puka postipunkt,58.052314,26.227945
Pärnu postkontor,58.385906,24.503295
Kõmsi pakiautomaat,58.623624,23.632895
Saaremaa Kaubamaja pakiautomaat,58.252398,22.485956
Sangaste postipunkt,57.925608,26.330912
Valga postkontor,57.778976,26.03668
Nõo vallamaja pakiautomaat,58.272562,26.521202
Kihnu postipunkt (Rahvamaja),58.132289,23.982302
Tallinna Tammsaare Maxima XX pakiautomaat,59.408964,24.675657
Kiviõli postkontor,59.356736,26.975619
Tartu Ujula Coop Konsumi pakiautomaat,58.386338,26.724305
Sonda postipunkt,59.350016,26.845085
Tartu Veeriku Selveri pakiautomaat,58.37635,26.697007
Tartu Lõunakeskuse pakiautomaat,58.358285,26.678577
Pärnu Kaubamajaka pakiautomaat,58.371106,24.550329
Tartu Rebase Rimi pakiautomaat,58.368345,26.739126
Tartu Karete Coop Konsumi pakiautomaat,58.34994,26.723909
Tartu Anne Selveri pakiautomaat,58.368422,26.766639
Tartu Vahi Selveri pakiautomaat,58.401726,26.720767
Kvartali keskuse postkontor,58.377225,26.729174
Tartu Eedeni pakiautomaat,58.373779,26.74993
Eedeni postkontor,58.373434,26.748826
Kadaka postipunkt (kpl Autovärvid),59.401636,24.647783
Risti Coop kaupluse pakiautomaat,58.998289,24.056862
Tihemetsa postipunkt,58.14929,25.044483
Elva Arbimäe Coop Konsumi pakiautomaat,58.234052,26.414854
Rakvere Turutare pakiautomaat,59.347187,26.364466
Häädemeeste postkontor,58.082205,24.501509
Tallinna Marienthali keskuse pakiautomaat,59.422699,24.697158
Nurmenuku postkontor,59.413873,24.654743
Tallinna Rocca al Mare pakiautomaat,59.426429,24.653359
Tallinna T1 Keskuse pakiautomaat,59.424749,24.796426
Tallinna Õismäe Maxima XX pakiautomaat,59.411406,24.6476
Tallinna Akadeemia Coop Konsumi pakiautomaat,59.40337,24.655613
Tallinna Stockmanni pakiautomaat,59.4317,24.76118
Saue Grossi pakiautomaat,59.322081,24.556448
Uuemõisa Coop Konsumi pakiautomaat,58.940535,23.582103
Tallinna Linnamäe Maxima XXX pakiautomaat,59.450026,24.880353
Käina Coop Konsumi pakiautomaat,58.831447,22.774117
Tallinna Läänemere Selveri pakiautomaat,59.452606,24.874099
Viimsi Rimi pakiautomaat,59.50565,24.827405
Aruküla Coop Konsumi pakiautomaat,59.370973,25.078314
Tabasalu postkontor,59.430059,24.543648
Tabasalu Rimi pakiautomaat,59.429912,24.543398
Saku postkontor,59.299626,24.658406
Kose postkontor (Harju),59.186915,25.163287
Pinna postipunkt (Minuarvuti.ee kauplus),59.434125,24.835843
Tallinna Männiku Rimi pakiautomaat,59.371964,24.716356
Toompea postkontor,59.436081,24.739044
Tallinna Kakumäe Selveri pakiautomaat,59.428507,24.626459
Kehtna Coop kaupluse pakiautomaat,58.925931,24.871609
Tallinna Läänemere Rimi pakiautomaat,59.450785,24.861406
Tallinna Sõle Rimi (Paavli 10) pakiautomaat,59.446831,24.701836
Tallinna Mustakivi Keskuse pakiautomaat,59.442406,24.874044
Antsla postkontor,57.829043,26.529298
Tallinna Pelgulinna Selveri pakiautomaat,59.444612,24.700754
Tallinna Balti Jaama pakiautomaat,59.439673,24.736745
Pirita postkontor,59.468976,24.834973
Paistu postipunkt,58.271411,25.629211
Tallinna Ehitajate tee Maxima XXX pakiautomaat,59.420604,24.651429
Keila Grossi pakiautomaat,59.312293,24.417616
Märjamaa postkontor,58.903772,24.427775
Laagri Coop Maksimarketi pakiautomaat,59.341743,24.614282
Värska postipunkt,57.957979,27.633784
Püssi postipunkt,59.363319,27.040165
Häädemeeste Coop Konsumi pakiautomaat,58.078554,24.498367
Võsu postkontor,59.575815,25.960992
Jõhvi postkontor,59.357694,27.418224
Tallinna Valdeku Maxima X pakiautomaat,59.376315,24.712072
Antsla Coop Konsumi pakiautomaat,57.828535,26.529708
Kuressaare Smuuli Coop Konsumi pakiautomaat,58.262219,22.485307
Tallinna Sõpruse Rimi pakiautomaat,59.414724,24.707578
Tallinna Merimetsa Selveri pakiautomaat,59.430016,24.697194
Oisu postipunkt,58.757114,25.565153
Tabivere Saadjärve Coop kaupluse pakiautomaat,58.551919,26.599997
Tabivere postkontor,58.551959,26.600014
Ulvi postipunkt,59.324873,26.6306
Mustla postipunkt,58.234933,25.866224
Räpina postipunkt,58.097239,27.464795
Elva Turuplatsi Coop Konsumi pakiautomaat,58.220997,26.408695
Iisaku Grossi pakiautomaat,59.094808,27.314466
Tartu Kvartali Keskuse pakiautomaat,58.376914,26.728903
Pürksi postkontor,59.006707,23.52103
Kallaste postkontor,58.662407,27.161628
Tallinna Kadaka Selveri pakiautomaat,59.412235,24.666952
Haljala Grossi pakiautomaat,59.433851,26.266466
Roosna-Alliku postipunkt,59.0299,25.708606
Võru kesklinna Circle K pakiautomaat,57.842166,27.00698
Jõhvi Grossi pakiautomaat,59.353167,27.412086
Mustvee Coop Konsumi pakiautomaat,58.847951,26.944813
Koeru Vallamaja pakiautomaat,58.962392,26.024799
Pärnu Turu pakiautomaat,58.38221,24.50958
Kõrgessaare postipunkt,58.982051,22.471855
Viru-Nigula postipunkt,59.447138,26.689319
Kunda Grossi pakiautomaat,59.500489,26.518565
Jõhvi Jewe kaubanduskeskuse pakiautomaat,59.357304,27.417864
Elva postkontor,58.221024,26.406515
Rõngu Coop Konsumi pakiautomaat,58.144093,26.248487
Tõrva Maxima X pakiautomaat,57.997766,25.932639
Järva-Jaani Grossi pakiautomaat,59.038314,25.884212
Pähklimäe postkontor,59.385937,28.184249
1it postipunkt,59.420107,24.714293
Laagna postipunkt (Bonfortuno OÜ),59.439628,24.845265
Viljandi Vaksali Maxima X pakiautomaat,58.361816,25.582631
Kunda postipunkt,59.50489,26.504913
Tõrva postkontor,58.002604,25.922269
Tallinna Idakeskuse pakiautomaat,59.432084,24.823852
Raasiku postkontor,59.36964,25.18228
Muuga Maxima X pakiautomaat,59.474046,24.916136
Tartu Lembitu Coop Konsumi pakiautomaat,58.369952,26.709853
Viljandi Bussijaama pakiautomaat,58.369069,25.598762
Maardu Maxima XX pakiautomaat,59.473515,25.019637
Maardu postkontor,59.47362,25.020554
Narva Tiimani Maxima XX pakiautomaat,59.380906,28.165016
Tallinna Torupilli Selveri pakiautomaat,59.432211,24.780674
Rae postkontor,59.402353,24.811533
Peetri Selveri pakiautomaat,59.402735,24.811046
Kuusalu postkontor,59.446046,25.439015
Tallinna Punase Selveri pakiautomaat,59.43501,24.840675
Jõhvi Pargi keskuse pakiautomaat,59.352488,27.419731
Tallinna Viru Bussiterminali pakiautomaat,59.436135,24.756196
Kehra postkontor,59.334658,25.333074
Tallinna Tondi Selveri pakiautomaat,59.403079,24.714367
Juuru postipunkt,59.058274,24.963126
Väike-Maarja postipunkt,59.129286,26.253397
Kohtla-Järve Vironia keskuse pakiautomaat,59.398106,27.285897
Kohtla-Järve postkontor,59.397948,27.286075
Alavere postipunkt,59.245232,25.328382
Ahtme Maxima XX pakiautomaat,59.337327,27.420312
Järvakandi postipunkt,58.776425,24.815135
Abja-Paluoja postipunkt,58.126151,25.353927
Pärnu Tiina Coop Konsumi pakiautomaat,58.38005,24.526998
Tartu Jaamamõisa Selveri pakiautomaat,58.381751,26.751181
Rakvere Vaala Keskuse pakiautomaat,59.354905,26.383605
Tartu Tuglase Rimi pakiautomaat,58.385073,26.691921
Kuivastu postipunkt (Sadam),58.572826,23.390366
Tallinna Juhkentali Rimi pakiautomaat,59.427539,24.77037
Tallinna Kivila Grossi pakiautomaat,59.44372,24.872824
Avinurme postipunkt,58.985433,26.864697
Tartu Saare Maxima X pakiautomaat,58.37506,26.756571
Tallinna Järveotsa Grossi pakiautomaat,59.407278,24.640639
Tallinna Mustamäe Keskuse pakiautomaat,59.408292,24.689152
Tallinna Vilde tee Maxima XX pakiautomaat,59.402791,24.686321
Kohtla-Järve Keskallee Maxima X pakiautomaat,59.402352,27.284854
Aseri Grossi pakiautomaat,59.44963,26.866788
Kihelkonna postipunkt,58.359766,22.039274
Tallinna Solaris Keskuse pakiautomaat,59.433827,24.751343
Kambja postipunkt,58.239241,26.689736
Otepää Maxima X pakiautomaat,58.058788,26.497438
Kiili postipunkt,59.310014,24.834292
Luunja postiautomaat (ainult ettemakstud pakkide väljastamine),58.356181,26.882264
Rannu postipunkt,58.239309,26.216638
Võhma Bussijaama pakiautomaat,58.630963,25.557505
Kostivere Meie kaupluse pakiautomaat,59.428523,25.094629
Muhu Liiva Alexela pakiautomaat,58.605247,23.236035
Kiili Coop Konsumi pakiautomaat,59.30749,24.837485
Harku postkontor,59.391082,24.580372
Plasti postipunkt,59.435779,24.847341
Tallinna Pirita Keskuse pakiautomaat,59.468486,24.835133
Alatskivi postipunkt,58.601971,27.134852
Iisaku postipunkt,59.099539,27.310516
Mustvee postipunkt,58.848209,26.94173
Haabneeme Coop Konsumi pakiautomaat,59.512901,24.819772
Tallinna Tondi Ärikeskuse pakiautomaat,59.410291,24.736499
Kolkja postipunkt,58.550503,27.213315
Võnnu postipunkt,58.283697,27.047288
Põltsamaa Selveri pakiautomaat,58.65412,25.980273
Keila Rõõmu kaubamaja pakiautomaat,59.307554,24.398912
Paldiski Coop Konsumi pakiautomaat,59.352619,24.055929
Maardu Pärli Keskuse pakiautomaat,59.486818,25.017923
Rakvere Põhjakeskuse pakiautomaat,59.364081,26.339553
Sillamäe Viru pst Maxima X pakiautomaat,59.3912,27.790681
Kohtla-Nõmme postipunkt,59.354615,27.193088
Vinni Spordikompleksi pakiautomaat,59.28992,26.426515
Aiandi postipunkt (Roserii looduspood),59.413446,24.688512
Käina postipunkt,58.831404,22.773574
Halliste postipunkt (Leerimaja),58.155413,25.427
Tõstamaa postiautomaat (ainult ettemakstud pakkide väljastamine),58.33462,23.994025
Tallinna Ümera Maxima XX pakiautomaat,59.444379,24.888924
Viimsi Pärnamäe Rimi pakiautomaat,59.462159,24.905474
Risti postipunkt,58.996843,24.062521
Valga Siili Coop Konsumi pakiautomaat,57.778938,26.036988
Haljala postipunkt,59.432174,26.266103
Pärnu-Jaagupi Grossi pakiautomaat,58.609379,24.504647
Tallinna Paepargi Maxima XX pakiautomaat,59.43516,24.811635
Pärnu Coop Maksimarketi pakiautomaat,58.395611,24.457352
Tallinna Nõmme turu pakiautomaat,59.388861,24.683427
Tartu Raadi Maxima XX pakiautomaat,58.391841,26.729907
Raadi postkontor,58.391808,26.730412
Räpina Maxima X pakiautomaat,58.096083,27.451331
Kreenholmi postkontor,59.366202,28.188135
Narva-Jõesuu postipunkt,59.459856,28.041597
Tallinna Raudalu Coop Konsumi pakiautomaat,59.366249,24.759516
Laagri Veskitammi Selver ABC pakiautomaat,59.351164,24.612414
Laagri postkontor,59.351013,24.612169
Narva Prisma pakiautomaat,59.386877,28.178001
Türi Maxima X pakiautomaat,58.806201,25.427857
Lelle postipunkt,58.860625,25.005284
Võru postkontor,57.848336,27.01001
Tallinna Magistrali Keskuse pakiautomaat,59.401372,24.697046
Võru Maxima XX pakiautomaat,57.847794,27.004895
Olustvere postipunkt,58.555909,25.557936
Leevi postipunkt (kauplus),57.946853,27.214848
Saku Coop Ehituskeskuse pakiautomaat,59.302034,24.669534
Prangli postkontor,59.62953,25.010052
Võru Coop Maksimarketi pakiautomaat,57.835449,27.010698
Luha postkontor,57.846349,26.997745
Saue Kaubakeskuse pakiautomaat,59.324906,24.552558
Keila postkontor,59.306799,24.413942
Tartu Ringtee Selveri pakiautomaat,58.353113,26.686381
Vaida postipunkt,59.285452,24.977156
Valga Maxima XX pakiautomaat,57.774392,26.04414
Pärnu Ülejõe Selveri pakiautomaat,58.408451,24.49512
Kohila postkontor,59.167226,24.749749
Tartu Tasku keskuse pakiautomaat,58.377805,26.731127
Tallinna Pirita Selveri pakiautomaat,59.462298,24.827687
Viimsi Kaubanduskeskuse pakiautomaat,59.506255,24.830353
Pärnu Maxima XXX pakiautomaat,58.375126,24.536591
Kuusalu Coop Konsumi pakiautomaat,59.445371,25.441136
Tallinna Haabersti Rimi pakiautomaat,59.424517,24.644102
Viljandi Männimäe Selveri pakiautomaat,58.352996,25.5843
Jõgeva Postkontori pakiautomaat,58.74712,26.396317
Jüri postkontor,59.35828,24.9121
Roobuka postiautomaat (ainult ettemakstud pakkide väljastamine),59.221647,24.67179
Jüri Coop Konsumi pakiautomaat,59.358314,24.912175
Ardu postipunkt,59.099963,25.358704
Puurmani postipunkt,58.57701,26.290502
Pärnu Jannseni Rimi pakiautomaat,58.391712,24.49403
Viljandi Coop Maksimarketi pakiautomaat,58.370653,25.583164
Võhma postkontor,58.630491,25.558136
Rapla Maxima X pakiautomaat,58.998328,24.790997
Kolga-Jaani postipunkt,58.533573,25.943085
Ringtee postkontor,58.344923,26.71343
Varstu postipunkt,57.646922,26.668325
Riisipere postkontor,59.106485,24.31522
Suure-Jaani postkontor,58.536369,25.465324
Tsirguliina postipunkt,57.864481,26.191459
Kehra Coop Konsumi pakiautomaat,59.333827,25.332838
Roela postipunkt,59.165103,26.585755
Tapa postkontor,59.264638,25.964265
Sadala postipunkt,58.861705,26.605572
Tamsalu Grossi pakiautomaat,59.162278,26.112495
Tamsalu postipunkt,59.160224,26.112984
Kaiu postipunkt,59.013649,25.05032
Ubja postipunkt,59.416099,26.435587
Hagudi postipunkt,59.064609,24.808493
Rapla postkontor,59.00432,24.794818
Purje postipunkt,59.465672,24.826291
Kadrina Coop Konsumi pakiautomaat,59.343816,26.130138
Peetri postipunkt,58.944197,25.835227
Aravete postipunkt,59.144414,25.751514
Rakvere postkontor,59.348662,26.364142
Aravete Meie kaupluse pakiautomaat,59.144507,25.751629
Türi postkontor,58.807683,25.42907
Tornimäe postipunkt (raamatukogus),58.50357,23.114788
Paide postkontor,58.885621,25.556579
Tapa Grossi pakiautomaat,59.264462,25.963418
Mustjala postipunkt,58.463265,22.230322
Väike-Maarja Grossi pakiautomaat,59.129914,26.252251
Haapsalu Kastani pakiautomaat,58.936246,23.551852
Haapsalu Kaubamaja pakiautomaat,58.940735,23.541928
Taebla postipunkt,58.953567,23.744724
Lihula Coop Konsumi pakiautomaat,58.688219,23.834367
Haapsalu postkontor,58.941265,23.543124
Melliste postipunkt,58.332398,26.977601
Tartu Kivilinna Coop Konsumi pakiautomaat,58.37951,26.764323
Ilmatsalu postipunkt,58.384632,26.561483
Tartu Kesklinna Keskuse pakiautomaat,58.378165,26.724781
Pärnu Port Artur 2 pakiautomaat,58.387673,24.503573
Tõstamaa postkontor,58.334619,23.994026
Ahtme Grossi pakiautomaat,59.327631,27.420557
Iidla postkontor,59.327394,27.420584
Mäetaguse postipunkt,59.221872,27.292325
Sillamäe postkontor,59.392925,27.773496
Sillamäe Coop Maksimarketi pakiautomaat,59.391665,27.777892
Kohtla-Järve Rimi pakiautomaat,59.407391,27.284822
Kiviõli Maxima X pakiautomaat,59.358844,26.973209
Tammiku postipunkt (raamatukogu),59.334583,27.382858
Arsenali postkontor,59.451722,24.717816
Tallinna Arsenali Keskuse pakiautomaat,59.451157,24.718214
Tallinna Kolde Rimi pakiautomaat,59.438651,24.707627
Tallinna Kollase keskuse pakiautomaat,59.411587,24.63769
Torma postipunkt,58.819415,26.71256
Torma Coop kaupluse pakiautomaat,58.819233,26.739472
Tallinna Smuuli Maxima XX pakiautomaat,59.443633,24.822486
Paldiski postkontor,59.3476,24.062748
Jõhvi Maxima XX pakiautomaat,59.362392,27.401077
Märjamaa Maxima X pakiautomaat,58.909802,24.433812
Klooga postipunkt,59.319776,24.227849
Kuressaare Maxima XX pakiautomaat,58.260402,22.504776
Väätsa postipunkt,58.887844,25.448629
Kärdla Hiiu Coop Konsumi pakiautomaat,58.998418,22.746677
Tootsi postipunkt,58.58659,24.785687
Taevaskoja postipunkt,58.101491,27.044551
Loksa postkontor,59.582049,25.72153
Kohila Coop Konsumi pakiautomaat,59.167184,24.750497
Tallinna Valdeku Selver ABC pakiautomaat,59.381385,24.70096
Tallinna Pääsküla RIMI pakiautomaat,59.360991,24.630545
Loksa Grossi pakiautomaat,59.579123,25.727932
Leisi postkontor,58.571764,22.682144
Saue postkontor,59.32455,24.553621
Tudu postipunkt,59.180072,26.854177
Lihula postipunkt (raamatukogu),58.687289,23.834562
Hulja postipunkt (Reeda pood),59.353102,26.216172
Kose Grossi pakiautomaat,59.184,25.16463
Sinimäe postipunkt,59.374295,27.874325
Tallinna Nautica Keskuse pakiautomaat,59.440763,24.762318
Raasiku Coop Konsumi pakiautomaat,59.369367,25.182569
Paldiski Maxima X pakiautomaat,59.347514,24.06282
Riia Maja postkontor,58.370119,24.546886
Karksi-Nuia Coop Konsum pakiautomaat,58.104206,25.548253
Kuremaa postipunkt,58.734271,26.53956
Lehtse postipunkt,59.253449,25.826594
Kuimetsa postipunkt,59.041622,25.123558
Virtsu postipunkt,58.578724,23.53197
Tallinna Magdaleena pakiautomaat,59.414992,24.739149
Nõmme postkontor,59.387709,24.684545
Veriora postiautomaat (ainult ettemakstud pakkide väljastamine),58.004384,27.347572
Tallinna Nurmenuku pakiautomaat,59.414396,24.654758
Tallinna Sikupilli pakiautomaat,59.425876,24.785391
Narva Kreenholmi Maxima XX pakiautomaat,59.364202,28.187441
Jõgeva postkontor,58.747303,26.396166
Õru postipunkt (Epre kauplus),57.922601,26.17938
Väimela postipunkt (Coop),57.891797,27.01064
Vastse-Kuuste postkontor,58.171663,26.941752
Vastemõisa postipunkt (Coop),58.442228,25.4409
Varbola postipunkt (Rita pood),59.045235,24.450007
Valjala postipunkt,58.40905,22.79017
Treimani postipunkt (Kalbuse kauplus),57.921157,24.387963
Tammiste postipunkt,58.381743,24.597146
Tamme postipunkt (Kauplus Meie),58.92905,24.651373
Tali postipunkt  (Coop),58.061328,24.784131
Soodla postipunkt (kauplus),59.387178,25.36458
Sandla postipunkt (Maapood),58.305516,22.819882
Ruusmäe postipunkt (Coop),57.635218,27.088644
Ruila postipunkt (Ruila kauplus),59.192804,24.437248
Roiu postipunkt (raamatukogu),58.299384,26.866512
Riidaja postipunkt (Coop),58.096497,25.895333
Ramsi postipunkt (kpl Coop),58.307564,25.540757
Osula postipunkt (Coop),57.885244,26.822875
Veriora postipunkt,58.005125,27.347183
Nõva postipunkt (raamatukogu),59.221736,23.67842
Mõniste postipunkt (Coop),57.613922,26.60824
Mooste postipunkt (Mõisa külalistemaja),58.161737,27.19505
Misso postipunkt (Coop),57.60061,27.226391
Mehikoorma postipunkt (Coop),58.235507,27.469604
Martna postipunkt (raamatukogu),58.856442,23.802975
Luunja postipunkt,58.358796,26.885681
Linnamäe postipunkt,58.99582,23.718437
Lilli postipunkt (Lilli Külamaja),57.993114,25.536624
Libatse postipunkt (raamatukogu),58.658579,24.482989
Laulasmaa Selver ABC pakiautomaat,59.378697,24.238719
Laiuse postipunkt,58.783189,26.49871
Laeva postkontor,58.49112,26.378727
Kõpu postipunkt (Coop),58.326961,25.30313
Kõo postipunkt,58.631901,25.724093
Kullamaa postipunkt (Vaibatuba),58.880466,24.079395
Kuldre postipunkt (Coop),57.893036,26.499606
Kivi-Vigala postkontor,58.713802,24.365815
Kergu postipunkt (Coop),58.667508,24.754664
Jõõpre postipunkt (Kauplus Meie),58.473453,24.325127
Jõesuu postipunkt (Külakohvik),58.494928,24.902119
Torgu postipunkt (raamatukogus),57.977436,22.078555
Hummuli postipunkt (Coop),57.906246,26.054607
Vormsi postkontor,58.993702,23.245776
Hargla postipunkt,57.613742,26.39882
Emmaste postipunkt (Coop),58.704999,22.596592
Ala postipunkt (Coop),58.009938,25.701894
Adavere postipunkt (Coop),58.706409,25.899187
Mustamäe postkontor,59.400239,24.694601
Kolga-Jaani postiautomaat (ainult ettemakstud pakkide väljastamine),58.534119,25.943015
Sõle postipunkt,59.449228,24.697502
Lõpe postiautomaat (ainult ettemakstud pakkide väljastamine),58.571145,23.987402
Kambja Coop Konsumi pakiautomaat,58.235105,26.694959
Abja Coop Konsumi pakiautomaat,58.125738,25.356108
Vaida Coop kaupluse pakiautomaat,59.285559,24.976579
Koonga postiautomaat (ainult ettemakstud pakkide väljastamine),58.580114,24.149549
Rakke postiautomaat (ainult ettemakstud pakkide väljastamine),58.987667,26.241747
Kilingi-Nõmme postipunkt,58.147944,24.94927
Varbla postiautomaat (ainult ettemakstud pakkide väljastamine),58.430278,23.753702
Virtsu postiautomaat (ainult ettemakstud pakkide väljastamine),58.572393,23.514918
Vilde postipunkt,59.402265,24.686509
Tammsaare postipunkt (Kukolka OÜ lillepood),59.40843,24.674729
Nõo postipunkt,58.272552,26.521201
Lepna postipunkt (Raamatukogu),59.332411,26.290222
Simuna postipunkt,59.045637,26.400488
Vändra postipunkt (raamatukogu),58.653514,25.031967